id,source,target
1,0,0
2,0,1
3,0,2
4,0,3
5,0,4
6,0,5
7,0,6
8,0,7
9,0,8
10,0,9
11,0,10
12,0,11
13,12,13
14,12,14
15,12,15
16,16,17
17,18,19
18,18,20
19,18,21
20,22,23
21,24,25
22,26,27
23,26,28
24,29,30
25,29,31
26,29,32
27,29,33
28,34,35
29,34,36
30,34,37
31,38,39
32,38,40
33,38,41
34,38,42
35,43,44
36,43,45
37,43,46
38,47,48
39,49,50
40,51,52
41,51,53
42,54,55
43,56,57
44,56,58
45,56,59
46,60,61
47,62,63
48,64,65
49,66,67
50,66,68
51,69,70
52,71,72
53,71,73
54,71,74
55,71,75
56,71,76
57,77,78
58,79,80
59,79,81
60,82,83
61,84,85
62,86,87
63,88,89
64,90,91
65,90,92
66,93,94
67,95,96
68,95,97
69,98,99
70,98,100
71,98,101
72,102,103
73,104,105
74,106,107
75,106,108
76,106,109
77,106,110
78,111,112
79,113,114
80,113,115
81,113,116
82,113,117
83,113,118
84,113,119
85,120,121
86,120,122
87,123,124
88,123,125
89,123,126
90,19,127
91,19,128
92,129,130
93,131,132
94,133,134
95,133,135
96,133,136
97,137,137
98,137,138
99,139,140
100,139,141
101,142,143
102,144,144
103,145,146
104,147,148
105,147,149
106,147,150
107,147,151
108,147,152
109,147,153
110,147,154
111,155,156
112,157,158
113,157,159
114,157,135
115,157,136
116,160,161
117,162,162
118,163,164
119,163,165
120,163,166
121,163,167
122,134,133
123,134,136
124,168,169
125,170,171
126,170,172
127,170,173
128,170,174
129,170,175
130,176,177
131,176,178
132,179,180
133,181,182
134,181,183
135,181,184
136,181,185
137,181,186
138,181,187
139,181,188
140,181,189
141,190,191
142,190,192
143,190,193
144,190,194
145,190,195
146,190,196
147,190,33
148,197,198
149,197,199
150,197,200
151,197,152
152,197,136
153,197,201
154,202,203
155,202,204
156,205,206
157,207,208
158,207,209
159,210,210
160,211,212
161,211,213
162,214,215
163,214,216
164,214,217
165,218,219
166,218,220
167,221,222
168,221,223
169,224,130
170,225,226
171,225,227
172,225,228
173,229,230
174,231,96
175,232,233
176,234,234
177,234,235
178,236,237
179,236,238
180,236,239
181,240,213
182,241,242
183,243,244
184,243,245
185,246,39
186,246,33
187,247,248
188,247,249
189,35,34
190,35,36
191,35,37
192,250,251
193,252,79
194,253,254
195,255,256
196,257,258
197,259,260
198,259,261
199,262,263
200,262,264
201,262,265
202,262,266
203,262,267
204,262,268
205,262,269
206,262,270
207,271,272
208,273,273
209,274,275
210,274,276
211,274,277
212,278,279
213,278,280
214,281,282
215,281,283
216,281,284
217,281,285
218,281,286
219,281,287
220,288,289
221,290,291
222,290,223
223,292,293
224,294,295
225,296,297
226,296,298
227,296,299
228,296,300
229,296,301
230,302,303
231,302,304
232,305,306
233,307,308
234,309,310
235,311,312
236,313,314
237,313,226
238,313,227
239,313,228
240,315,316
241,317,39
242,317,318
243,319,320
244,321,321
245,322,323
246,322,324
247,322,325
248,322,326
249,322,327
250,322,328
251,329,330
252,329,331
253,329,332
254,333,334
255,333,335
256,336,336
257,336,337
258,338,39
259,339,340
260,341,342
261,341,343
262,341,344
263,341,345
264,341,13
265,341,346
266,341,347
267,348,349
268,350,351
269,350,352
270,350,353
271,350,354
272,350,355
273,350,356
274,350,68
275,350,357
276,358,359
277,360,361
278,360,362
279,360,363
280,360,364
281,365,163
282,365,353
283,365,366
284,365,367
285,365,368
286,365,276
287,365,369
288,365,370
289,365,371
290,365,372
291,365,14
292,365,373
293,365,165
294,365,374
295,365,375
296,359,376
297,158,159
298,377,89
299,159,378
300,159,379
301,380,326
302,380,381
303,380,382
304,380,383
305,380,384
306,380,45
307,385,386
308,385,387
309,385,388
310,385,389
311,385,390
312,385,391
313,392,393
314,394,395
315,394,396
316,394,397
317,398,399
318,398,400
319,401,276
320,402,116
321,403,404
322,403,405
323,406,406
324,406,407
325,406,408
326,406,40
327,406,41
328,406,409
329,406,410
330,406,42
331,411,412
332,411,413
333,411,414
334,411,415
335,411,384
336,411,166
337,411,416
338,417,418
339,417,419
340,417,420
341,421,422
342,423,424
343,425,39
344,426,427
345,426,428
346,429,148
347,429,149
348,429,150
349,429,430
350,431,431
351,431,432
352,433,434
353,435,436
354,435,437
355,435,438
356,435,439
357,435,440
358,435,441
359,435,166
360,308,442
361,443,444
362,445,446
363,445,447
364,448,449
365,450,451
366,450,452
367,450,453
368,450,454
369,450,455
370,450,456
371,450,457
372,458,459
373,460,461
374,462,463
375,462,464
376,465,465
377,99,466
378,99,467
379,468,469
380,470,471
381,470,472
382,470,473
383,470,474
384,470,475
385,470,476
386,470,477
387,470,478
388,470,479
389,480,481
390,480,482
391,483,484
392,485,486
393,485,96
394,487,488
395,489,490
396,489,491
397,492,492
398,492,493
399,494,495
400,496,497
401,496,498
402,499,500
403,499,501
404,502,503
405,502,504
406,502,505
407,148,506
408,148,150
409,148,507
410,508,446
411,508,447
412,509,52
413,509,53
414,510,511
415,512,513
416,512,514
417,512,515
418,516,517
419,518,519
420,520,521
421,520,522
422,342,345
423,523,524
424,525,526
425,525,527
426,525,528
427,525,529
428,530,531
429,530,532
430,530,533
431,530,534
432,530,535
433,530,536
434,530,537
435,538,538
436,539,173
437,539,174
438,540,541
439,540,279
440,542,543
441,542,544
442,545,545
443,545,161
444,546,547
445,546,548
446,546,549
447,546,550
448,546,551
449,140,141
450,140,552
451,553,554
452,553,555
453,556,198
454,556,219
455,556,557
456,556,151
457,556,430
458,556,152
459,556,153
460,556,154
461,556,558
462,559,412
463,559,560
464,559,384
465,561,562
466,563,564
467,563,565
468,566,567
469,566,568
470,569,570
471,571,572
472,571,573
473,571,382
474,571,574
475,575,576
476,577,578
477,579,144
478,580,581
479,580,191
480,580,192
481,580,195
482,582,583
483,584,15
484,584,585
485,586,587
486,588,589
487,73,76
488,80,590
489,80,591
490,80,592
491,80,593
492,594,595
493,596,343
494,596,344
495,596,597
496,598,599
497,600,601
498,602,603
499,604,605
500,606,606
501,606,607
502,297,531
503,297,532
504,297,536
505,171,608
506,171,609
507,610,611
508,612,613
509,614,615
510,614,616
511,617,618
512,399,101
513,619,188
514,619,488
515,620,621
516,622,623
517,624,625
518,624,14
519,626,627
520,628,629
521,628,502
522,630,631
523,630,632
524,633,634
525,633,635
526,636,66
527,636,435
528,636,637
529,636,164
530,636,638
531,636,44
532,636,639
533,636,441
534,636,166
535,636,167
536,640,641
537,52,52
538,52,53
539,642,643
540,642,644
541,642,645
542,642,646
543,647,39
544,647,648
545,647,649
546,647,650
547,647,651
548,647,652
549,647,653
550,647,654
551,655,656
552,655,657
553,658,659
554,658,660
555,661,662
556,663,664
557,665,413
558,665,666
559,665,384
560,667,668
561,667,669
562,667,670
563,671,672
564,671,600
565,673,674
566,675,676
567,675,677
568,675,678
569,675,639
570,675,679
571,675,6
572,675,562
573,675,680
574,675,681
575,675,682
576,683,684
577,685,686
578,687,688
579,687,689
580,687,690
581,691,691
582,691,537
583,692,693
584,694,595
585,694,695
586,694,696
587,694,165
588,694,697
589,694,698
590,694,699
591,700,701
592,700,702
593,703,703
594,703,704
595,703,705
596,706,707
597,706,708
598,709,710
599,711,712
600,711,713
601,714,715
602,714,332
603,404,404
604,404,405
605,716,355
606,716,717
607,718,719
608,720,721
609,212,722
610,212,723
611,212,724
612,212,725
613,212,726
614,727,728
615,729,729
616,730,731
617,149,506
618,149,150
619,149,507
620,732,733
621,734,638
622,734,735
623,734,736
624,734,737
625,734,738
626,78,739
627,740,741
628,740,742
629,743,744
630,743,745
631,74,71
632,74,72
633,74,73
634,74,76
635,746,746
636,746,747
637,748,407
638,1,749
639,1,750
640,1,287
641,751,261
642,752,753
643,752,754
644,755,756
645,757,758
646,757,759
647,760,761
648,762,763
649,762,764
650,765,766
651,765,767
652,765,768
653,765,769
654,770,771
655,772,773
656,344,597
657,344,412
658,774,775
659,774,776
660,777,778
661,779,603
662,779,780
663,779,781
664,782,783
665,784,785
666,784,786
667,787,788
668,789,790
669,791,414
670,792,793
671,794,795
672,794,796
673,797,798
674,799,752
675,799,800
676,801,593
677,801,802
678,803,804
679,351,805
680,351,605
681,351,806
682,807,808
683,809,810
684,811,547
685,811,548
686,811,549
687,811,550
688,811,551
689,812,813
690,323,814
691,815,815
692,816,817
693,818,819
694,820,821
695,820,822
696,820,823
697,824,825
698,826,50
699,827,828
700,829,830
701,831,832
702,833,39
703,834,834
704,835,439
705,835,836
706,835,269
707,835,837
708,838,359
709,838,376
710,838,839
711,838,840
712,841,842
713,843,844
714,843,845
715,843,544
716,846,847
717,846,848
718,846,849
719,846,605
720,846,850
721,851,852
722,853,854
723,855,855
724,856,857
725,858,859
726,858,860
727,858,861
728,858,862
729,863,864
730,865,866
731,867,324
732,867,868
733,867,326
734,867,869
735,386,870
736,821,437
737,821,871
738,872,873
739,872,874
740,875,876
741,875,877
742,875,295
743,875,878
744,39,879
745,39,33
746,880,881
747,882,882
748,883,877
749,884,39
750,884,654
751,885,880
752,885,451
753,885,886
754,885,881
755,887,888
756,889,890
757,891,892
758,451,893
759,894,895
760,896,896
761,896,897
762,898,896
763,898,897
764,595,415
765,899,900
766,219,219
767,901,901
768,213,902
769,213,903
770,213,904
771,548,551
772,686,686
773,114,119
774,905,906
775,907,908
776,57,909
777,910,287
778,911,912
779,913,914
780,915,916
781,915,917
782,918,501
783,918,919
784,918,920
785,918,921
786,922,923
787,924,553
788,924,212
789,924,925
790,926,779
791,926,927
792,926,5
793,857,928
794,929,904
795,930,853
796,931,932
797,933,165
798,933,934
799,935,936
800,937,938
801,939,940
802,939,941
803,939,942
804,943,359
805,943,353
806,943,761
807,943,367
808,943,533
809,943,354
810,943,415
811,943,372
812,943,165
813,943,944
814,943,356
815,945,945
816,946,207
817,946,947
818,946,948
819,946,949
820,946,950
821,951,343
822,951,345
823,951,952
824,951,953
825,951,954
826,951,565
827,951,955
828,951,956
829,951,384
830,951,957
831,951,958
832,951,959
833,951,960
834,961,962
835,963,963
836,964,965
837,966,967
838,968,969
839,970,971
840,972,973
841,972,974
842,975,976
843,977,603
844,977,780
845,977,781
846,115,978
847,979,592
848,980,29
849,980,981
850,980,982
851,983,983
852,983,984
853,983,122
854,985,986
855,987,988
856,989,990
857,991,992
858,991,993
859,991,994
860,995,161
861,995,996
862,997,998
863,999,594
864,999,894
865,999,712
866,999,368
867,999,713
868,999,441
869,999,764
870,999,14
871,999,529
872,999,1000
873,1001,1002
874,1001,1003
875,1004,66
876,1004,1005
877,1006,397
878,1007,1008
879,1009,451
880,1009,452
881,1009,453
882,1009,454
883,1009,455
884,1009,456
885,1009,457
886,1010,1011
887,1012,865
888,1012,866
889,1013,1014
890,1013,1015
891,1016,1017
892,1018,1019
893,1018,1020
894,1018,1021
895,677,1022
896,677,1023
897,677,681
898,1024,1025
899,1026,981
900,1027,676
901,1027,1028
902,1027,1029
903,1027,1030
904,1027,1031
905,1027,1032
906,1027,1033
907,1027,1034
908,1027,285
909,1027,1035
910,1027,680
911,1027,1036
912,1027,1037
913,1038,749
914,1038,1039
915,1040,1041
916,1042,297
917,1042,1043
918,1042,1044
919,1042,1045
920,1042,1046
921,1042,1047
922,1042,299
923,1042,301
924,1048,594
925,1048,694
926,1048,595
927,1048,367
928,1048,285
929,1048,14
930,1048,1049
931,1048,1050
932,1048,1051
933,1052,1053
934,1052,1054
935,1055,1056
936,1055,28
937,1055,1057
938,1058,173
939,1059,272
940,1060,1061
941,1062,1063
942,1062,269
943,1064,1065
944,1066,1067
945,1066,1068
946,1066,1069
947,1070,96
948,1071,517
949,1072,7
950,678,637
951,678,677
952,678,1073
953,678,439
954,678,536
955,678,1074
956,678,1075
957,1053,1054
958,1076,1077
959,1076,1078
960,1079,66
961,1079,1080
962,1081,72
963,1081,73
964,1081,1082
965,1081,979
966,1081,1083
967,1084,341
968,1084,343
969,1084,344
970,1084,345
971,1084,952
972,1084,13
973,1084,267
974,1084,666
975,1084,384
976,1084,1085
977,1084,347
978,1084,960
979,1086,297
980,1086,1043
981,1086,1087
982,1086,1088
983,1086,1089
984,1086,1090
985,1086,299
986,1086,1074
987,1086,301
988,1086,1091
989,1086,1092
990,638,436
991,638,437
992,638,438
993,638,439
994,638,440
995,638,441
996,638,166
997,1093,1094
998,1093,591
999,1093,1095
1000,1093,1096
1001,1093,1097
1002,1093,1098
1003,1099,1100
1004,1099,1101
1005,1099,1102
1006,1103,1104
1007,366,369
1008,366,934
1009,1105,397
1010,1106,1107
1011,1108,572
1012,1108,573
1013,1108,382
1014,1108,574
1015,1109,1109
1016,1110,885
1017,1110,463
1018,1110,788
1019,1110,994
1020,1111,1112
1021,1113,124
1022,1113,1114
1023,1115,1116
1024,1115,904
1025,1117,1027
1026,1117,1029
1027,1118,1119
1028,1118,14
1029,1073,1120
1030,1073,1121
1031,1073,1122
1032,1073,532
1033,1073,1123
1034,1073,384
1035,1073,1124
1036,1125,1126
1037,1125,1127
1038,1125,1128
1039,1125,1129
1040,1130,1131
1041,1132,159
1042,1132,1133
1043,1134,1135
1044,733,733
1045,1136,406
1046,1136,663
1047,1136,1136
1048,1137,288
1049,1137,1138
1050,1137,1139
1051,1137,1140
1052,1137,1141
1053,1137,1142
1054,1137,1143
1055,1137,357
1056,1144,1145
1057,1146,1147
1058,1146,1148
1059,1149,1150
1060,1149,1151
1061,1152,1153
1062,1154,915
1063,1154,1155
1064,1154,1156
1065,1157,1102
1066,1158,1159
1067,1158,1160
1068,1158,1161
1069,1158,1162
1070,1163,34
1071,1163,35
1072,1163,37
1073,1163,1164
1074,1165,1166
1075,1165,911
1076,1165,1167
1077,1168,14
1078,1169,557
1079,1169,1170
1080,1169,1171
1081,1169,116
1082,1169,10
1083,1172,596
1084,1172,345
1085,1172,595
1086,1172,13
1087,1172,695
1088,1172,1121
1089,1172,913
1090,1172,1173
1091,1172,1174
1092,1172,1175
1093,1172,532
1094,1172,1123
1095,1172,1176
1096,1172,534
1097,1172,1177
1098,1172,1045
1099,1172,536
1100,1172,1178
1101,1172,921
1102,1172,1179
1103,1172,1023
1104,1172,300
1105,1172,956
1106,1172,1180
1107,1172,1181
1108,1172,1182
1109,1172,1183
1110,1172,1184
1111,1185,1186
1112,1187,971
1113,1187,1188
1114,1189,1190
1115,1189,521
1116,1189,1191
1117,1189,1192
1118,1189,1193
1119,1189,522
1120,1194,63
1121,1195,1196
1122,1195,1197
1123,1195,1198
1124,1195,354
1125,1195,1199
1126,1200,405
1127,1201,940
1128,1201,941
1129,1201,942
1130,1201,1202
1131,1201,1203
1132,1201,1204
1133,1201,50
1134,1201,14
1135,1201,1205
1136,1201,374
1137,736,736
1138,1206,296
1139,1206,297
1140,1206,299
1141,1206,1207
1142,1208,1209
1143,1208,1210
1144,1208,1211
1145,1208,1212
1146,1208,1213
1147,1208,1214
1148,1215,1216
1149,840,358
1150,840,376
1151,1217,713
1152,1217,1218
1153,1217,1219
1154,1220,1221
1155,1220,1222
1156,367,1028
1157,367,282
1158,367,1223
1159,367,1224
1160,367,1022
1161,367,1225
1162,367,681
1163,367,578
1164,1226,1227
1165,1228,1229
1166,1228,449
1167,408,642
1168,408,1230
1169,408,1231
1170,1232,1233
1171,1234,429
1172,1234,430
1173,1235,1236
1174,1237,1238
1175,1239,1240
1176,1241,1242
1177,524,1243
1178,1244,39
1179,1245,1246
1180,1245,42
1181,1247,463
1182,1248,1249
1183,1250,1251
1184,1252,1253
1185,1254,417
1186,1254,1255
1187,1256,100
1188,1256,1256
1189,1257,1258
1190,1259,1260
1191,560,1261
1192,560,533
1193,560,1181
1194,560,1262
1195,560,1263
1196,264,412
1197,264,1264
1198,1265,1266
1199,1267,1267
1200,1267,50
1201,1268,1269
1202,1270,394
1203,1270,1006
1204,1270,1271
1205,1270,1105
1206,1270,1272
1207,1270,1273
1208,1270,1274
1209,1270,1163
1210,1270,1275
1211,1270,1276
1212,1270,1277
1213,1270,1278
1214,1270,1279
1215,1270,1280
1216,1270,1281
1217,1270,1282
1218,1270,1283
1219,1270,1284
1220,1270,1285
1221,1270,1286
1222,1270,1287
1223,1288,1289
1224,1290,1277
1225,1291,940
1226,1291,941
1227,1291,942
1228,1292,1293
1229,1294,1295
1230,1296,1297
1231,1298,96
1232,1298,97
1233,1299,1300
1234,1299,136
1235,279,541
1236,1301,1302
1237,1301,1303
1238,1304,1305
1239,1127,1306
1240,1127,1126
1241,1127,1125
1242,1127,1128
1243,1127,1129
1244,1307,1308
1245,1029,1309
1246,1029,1310
1247,1310,1309
1248,1311,1312
1249,1311,1313
1250,1311,1314
1251,1311,952
1252,1311,909
1253,1311,1315
1254,1311,1316
1255,1317,1318
1256,1319,1318
1257,1320,1318
1258,1321,1322
1259,1323,1324
1260,1325,1326
1261,1325,1327
1262,1328,1325
1263,1329,530
1264,1329,535
1265,1329,537
1266,1330,1331
1267,1332,1332
1268,1333,1334
1269,1335,1336
1270,1337,944
1271,1338,1339
1272,1338,1077
1273,1338,1340
1274,1338,1341
1275,1338,1342
1276,1343,1302
1277,1343,1344
1278,1343,1345
1279,1346,1347
1280,1348,1349
1281,1348,1350
1282,1348,1351
1283,1348,188
1284,1352,1015
1285,330,1353
1286,330,331
1287,1354,1355
1288,1354,1356
1289,1357,1358
1290,1359,1360
1291,1361,1362
1292,1361,461
1293,1361,1363
1294,1361,1364
1295,1361,5
1296,1365,1366
1297,1367,1368
1298,1369,1131
1299,1370,1371
1300,1372,896
1301,1372,897
1302,897,1100
1303,897,1101
1304,897,59
1305,897,1373
1306,897,1102
1307,1374,866
1308,1375,72
1309,1375,73
1310,1375,74
1311,1375,1376
1312,1375,1377
1313,1375,1378
1314,1375,1379
1315,1315,349
1316,1380,1381
1317,1382,1383
1318,1384,1385
1319,1384,1097
1320,1386,1308
1321,1386,537
1322,1387,1014
1323,1388,1389
1324,1388,1390
1325,1389,1391
1326,1392,1392
1327,1393,775
1328,1393,1394
1329,1395,1220
1330,1395,1221
1331,1396,668
1332,1396,669
1333,40,41
1334,1397,1154
1335,1397,1155
1336,1398,1399
1337,1398,1400
1338,1401,297
1339,1401,1043
1340,1401,1087
1341,1401,1088
1342,1401,1089
1343,1401,1090
1344,1401,299
1345,1401,1074
1346,1401,301
1347,1401,1091
1348,1401,1092
1349,1402,1403
1350,1404,1405
1351,1404,1406
1352,1404,618
1353,1404,335
1354,822,823
1355,1407,1408
1356,1407,1409
1357,1410,302
1358,1410,304
1359,1410,1411
1360,1211,96
1361,1412,40
1362,1412,41
1363,1269,33
1364,1413,1414
1365,1413,1415
1366,1416,1417
1367,1418,1419
1368,1418,1420
1369,1418,1421
1370,1418,1422
1371,1422,1423
1372,1424,986
1373,1425,1360
1374,1426,1427
1375,1428,702
1376,1429,293
1377,1430,1431
1378,1432,1205
1379,1433,1434
1380,1435,1436
1381,1435,1437
1382,1438,1439
1383,1030,1439
1384,1440,1441
1385,919,918
1386,1442,864
1387,1443,1444
1388,1445,1446
1389,1447,1448
1390,1449,1450
1391,1449,1223
1392,1449,1451
1393,1449,583
1394,1452,1223
1395,1452,1453
1396,1454,1455
1397,1456,1457
1398,1458,288
1399,1458,1459
1400,1458,1460
1401,1458,1461
1402,1458,1137
1403,1458,1462
1404,1458,955
1405,1458,1463
1406,1458,1142
1407,689,887
1408,689,773
1409,689,1464
1410,689,1465
1411,1466,915
1412,1466,1467
1413,1466,1468
1414,1469,1470
1415,1469,1471
1416,1472,1469
1417,1472,1473
1418,1474,1475
1419,1462,1476
1420,1462,955
1421,1477,1139
1422,1477,1478
1423,1477,1479
1424,1477,666
1425,1101,1480
1426,1481,1482
1427,1483,1484
1428,1485,1486
1429,1487,1025
1430,1487,1488
1431,1487,1489
1432,1488,910
1433,1488,650
1434,1489,502
1435,1489,1470
1436,1489,1469
1437,1489,1472
1438,1489,1471
1439,1489,1488
1440,1489,1490
1441,1489,1491
1442,1489,1473
1443,1489,482
1444,531,532
1445,1492,1491
1446,1492,1493
1447,1490,1492
1448,1491,1492
1449,1491,1490
1450,1491,1491
1451,1494,1095
1452,1495,1495
1453,1496,1496
1454,1497,1495
1455,1498,1498
1456,1499,1500
1457,1501,552
1458,573,382
1459,1502,1502
1460,1503,530
1461,1503,637
1462,1503,913
1463,1503,1504
1464,1503,1505
1465,1503,1261
1466,1503,1506
1467,1503,1507
1468,1503,560
1469,1503,531
1470,1503,1508
1471,1503,793
1472,1503,1176
1473,1503,534
1474,1503,535
1475,1503,1177
1476,1503,1509
1477,1503,536
1478,1503,1510
1479,1503,1511
1480,1503,1512
1481,1503,1513
1482,1503,1023
1483,1503,384
1484,1503,1514
1485,1503,1515
1486,1503,1516
1487,1503,1181
1488,1503,217
1489,1503,1262
1490,1503,1517
1491,1503,1263
1492,1503,1518
1493,1508,1305
1494,1519,1520
1495,1519,497
1496,1521,1522
1497,1521,334
1498,1521,1378
1499,1523,182
1500,1523,183
1501,1523,184
1502,1523,185
1503,1523,186
1504,1523,187
1505,1523,188
1506,1523,189
1507,1524,1525
1508,1526,1193
1509,1527,145
1510,1527,577
1511,1527,1004
1512,1527,1528
1513,1527,1529
1514,719,718
1515,719,1530
1516,1530,718
1517,1530,719
1518,1531,1336
1519,1531,1532
1520,1533,1534
1521,1535,1536
1522,1537,1538
1523,1537,1535
1524,1537,1539
1525,1537,1540
1526,1541,944
1527,1541,1542
1528,1543,136
1529,1543,161
1530,1544,297
1531,1544,1043
1532,1544,1044
1533,1544,1045
1534,1544,1046
1535,1544,299
1536,1544,301
1537,1544,1207
1538,1545,790
1539,1546,1120
1540,1546,1547
1541,1546,1261
1542,1546,677
1543,1546,1548
1544,1546,440
1545,1546,1123
1546,1546,1549
1547,1546,1225
1548,1548,1120
1549,1548,440
1550,1548,1123
1551,1550,1551
1552,1552,1480
1553,1552,1467
1554,1242,1553
1555,1554,757
1556,1554,758
1557,1554,1555
1558,1554,286
1559,1556,1557
1560,1558,40
1561,1558,41
1562,1559,1560
1563,1561,423
1564,1561,424
1565,1561,1562
1566,1561,1563
1567,1564,1312
1568,1564,174
1569,1565,1566
1570,1565,1567
1571,1565,1568
1572,1569,1569
1573,1570,1571
1574,1572,1001
1575,1572,1003
1576,1573,1574
1577,1575,1576
1578,1576,1575
1579,1576,1577
1580,108,110
1581,1578,1579
1582,1580,553
1583,1580,1581
1584,1580,1580
1585,3,816
1586,3,949
1587,3,1582
1588,3,1583
1589,3,1584
1590,1585,715
1591,1005,1586
1592,1587,1588
1593,1587,1589
1594,1590,606
1595,1590,1590
1596,1590,607
1597,607,1587
1598,607,1588
1599,607,1591
1600,1591,1588
1601,1589,1591
1602,603,781
1603,780,779
1604,780,927
1605,780,5
1606,927,5
1607,1592,1593
1608,1594,115
1609,1594,1595
1610,1595,115
1611,1595,1596
1612,121,115
1613,121,1597
1614,121,1598
1615,121,984
1616,1599,1600
1617,1601,1602
1618,1601,1603
1619,1601,1604
1620,1605,1606
1621,1605,1607
1622,1605,1608
1623,1605,1603
1624,1605,788
1625,1605,1609
1626,1605,1610
1627,1605,1611
1628,1612,1613
1629,1612,1614
1630,1612,1615
1631,1612,262
1632,1612,341
1633,1612,530
1634,1612,343
1635,1612,559
1636,1612,1616
1637,1612,665
1638,1612,1120
1639,1612,1617
1640,1612,637
1641,1612,345
1642,1612,1618
1643,1612,1619
1644,1612,13
1645,1612,695
1646,1612,1620
1647,1612,1621
1648,1612,913
1649,1612,597
1650,1612,412
1651,1612,437
1652,1612,1622
1653,1612,1623
1654,1612,1624
1655,1612,1625
1656,1612,1626
1657,1612,1186
1658,1612,1504
1659,1612,1505
1660,1612,1627
1661,1612,1506
1662,1612,1628
1663,1612,1507
1664,1612,264
1665,1612,1174
1666,1612,1329
1667,1612,1175
1668,1612,531
1669,1612,532
1670,1612,1502
1671,1612,793
1672,1612,1629
1673,1612,1630
1674,1612,440
1675,1612,1123
1676,1612,1631
1677,1612,266
1678,1612,1632
1679,1612,1176
1680,1612,534
1681,1612,535
1682,1612,1177
1683,1612,1509
1684,1612,1224
1685,1612,1633
1686,1612,536
1687,1612,1510
1688,1612,1511
1689,1612,1512
1690,1612,1513
1691,1612,1634
1692,1612,415
1693,1612,1635
1694,1612,537
1695,1612,1636
1696,1612,666
1697,1612,1637
1698,1612,269
1699,1612,837
1700,1612,1023
1701,1612,261
1702,1612,956
1703,1612,384
1704,1612,1638
1705,1612,1639
1706,1612,1514
1707,1612,1640
1708,1612,1515
1709,1612,1180
1710,1612,1641
1711,1612,1642
1712,1612,1643
1713,1612,1181
1714,1612,1644
1715,1612,1645
1716,1612,1646
1717,1612,578
1718,1612,1262
1719,1612,1647
1720,1612,1648
1721,1612,1124
1722,1612,270
1723,1612,1649
1724,1612,1517
1725,1612,1650
1726,1612,960
1727,1629,1651
1728,1629,793
1729,283,326
1730,283,1652
1731,1653,870
1732,1654,1192
1733,1191,521
1734,1191,1189
1735,1191,1192
1736,1191,749
1737,1191,522
1738,1192,521
1739,1192,522
1740,776,775
1741,1655,1656
1742,1655,1657
1743,1658,118
1744,1659,1660
1745,1661,1661
1746,871,821
1747,1662,1663
1748,1664,1665
1749,1666,1667
1750,1666,1668
1751,1669,1666
1752,1669,1667
1753,1669,1668
1754,1670,1668
1755,1020,1669
1756,1020,1670
1757,1020,1668
1758,1668,1671
1759,284,1672
1760,1673,1647
1761,1674,338
1762,1674,425
1763,1674,981
1764,1674,1675
1765,1674,39
1766,1674,1026
1767,1674,30
1768,1674,1676
1769,1674,33
1770,1677,536
1771,1678,1679
1772,1680,1681
1773,1682,1683
1774,1682,1684
1775,1682,1685
1776,1682,1323
1777,1682,454
1778,1682,1686
1779,1682,1324
1780,1682,1687
1781,1688,1689
1782,1690,1349
1783,1691,1692
1784,1693,1694
1785,1693,1695
1786,1630,559
1787,1696,1381
1788,1696,1697
1789,1696,885
1790,1696,451
1791,1696,1698
1792,1696,1471
1793,1696,463
1794,1696,886
1795,1696,988
1796,1696,1699
1797,1696,1700
1798,1701,886
1799,1701,817
1800,463,880
1801,463,451
1802,463,886
1803,463,881
1804,1702,1110
1805,1702,1499
1806,1703,1186
1807,1704,1705
1808,1161,1706
1809,650,648
1810,651,649
1811,953,341
1812,953,342
1813,953,343
1814,953,344
1815,953,345
1816,953,13
1817,953,1044
1818,953,267
1819,953,565
1820,953,346
1821,953,957
1822,953,1707
1823,953,347
1824,1708,647
1825,1709,287
1826,1710,896
1827,1710,898
1828,1710,648
1829,1710,1100
1830,1710,1372
1831,1710,897
1832,1710,1711
1833,1710,1712
1834,1031,1033
1835,1032,1033
1836,1713,1714
1837,1715,1716
1838,722,1671
1839,1717,1023
1840,1718,1719
1841,1718,1118
1842,1718,1290
1843,1718,1291
1844,1718,1292
1845,1718,1720
1846,1718,1721
1847,1718,1722
1848,1718,902
1849,1718,14
1850,1720,1291
1851,1720,1292
1852,1720,554
1853,1723,14
1854,325,814
1855,1724,668
1856,1724,1011
1857,1724,669
1858,1725,96
1859,1726,1166
1860,1726,911
1861,1726,1727
1862,1726,1728
1863,1726,1167
1864,1729,1730
1865,1731,947
1866,1731,950
1867,1560,1559
1868,1732,1733
1869,1734,1733
1870,589,1735
1871,1735,1302
1872,1735,1736
1873,1077,1078
1874,1077,1737
1875,1078,1737
1876,1738,1739
1877,1740,588
1878,1597,121
1879,1597,1741
1880,1742,1742
1881,193,823
1882,1743,1744
1883,1743,1745
1884,1746,533
1885,1746,536
1886,1746,1641
1887,533,1261
1888,1747,530
1889,1747,559
1890,1747,1120
1891,1747,913
1892,1747,1623
1893,1747,1505
1894,1747,1506
1895,1747,1507
1896,1747,560
1897,1747,1386
1898,1747,531
1899,1747,1503
1900,1747,1508
1901,1747,793
1902,1747,1630
1903,1747,533
1904,1747,440
1905,1747,1123
1906,1747,535
1907,1747,1177
1908,1747,1509
1909,1747,536
1910,1747,1510
1911,1747,1512
1912,1747,537
1913,1747,269
1914,1747,837
1915,1747,261
1916,1747,384
1917,1747,1640
1918,1747,1748
1919,1747,1749
1920,1747,1262
1921,1747,1750
1922,1747,1518
1923,1751,1614
1924,1752,39
1925,1752,1753
1926,1752,1558
1927,1752,1754
1928,1752,276
1929,1752,1755
1930,1752,467
1931,1752,1756
1932,1752,608
1933,1752,879
1934,1752,1648
1935,1752,609
1936,1757,1758
1937,1757,1759
1938,61,212
1939,61,213
1940,61,1760
1941,61,925
1942,61,1761
1943,1762,1562
1944,1763,955
1945,1764,345
1946,564,564
1947,564,565
1948,1765,1766
1949,1767,1445
1950,1767,1156
1951,1767,1768
1952,1767,1652
1953,1769,1566
1954,440,1120
1955,1770,901
1956,1770,1558
1957,1770,1771
1958,1770,1755
1959,1770,467
1960,1770,1772
1961,1770,1773
1962,1123,1120
1963,1123,1044
1964,1123,440
1965,1774,1775
1966,1774,1776
1967,1777,1778
1968,1777,521
1969,1777,1779
1970,1777,1206
1971,1777,1203
1972,1777,1643
1973,1777,522
1974,1777,1780
1975,1777,1781
1976,1777,1782
1977,1783,1784
1978,1785,817
1979,1786,1787
1980,1788,770
1981,1788,1390
1982,1789,191
1983,1789,1753
1984,1789,192
1985,1789,1790
1986,1790,1753
1987,1790,1789
1988,1790,1790
1989,1790,1754
1990,1790,194
1991,194,191
1992,194,192
1993,194,194
1994,1791,645
1995,1791,646
1996,1631,1792
1997,1631,1793
1998,1631,1794
1999,1631,646
2000,1631,1124
2001,1795,1795
2002,1796,1797
2003,1797,544
2004,1798,1799
2005,948,949
2006,1800,101
2007,1069,1067
2008,1801,1802
2009,1803,1804
2010,1803,1805
2011,1804,1547
2012,1804,382
2013,1804,1049
2014,844,1806
2015,1807,1808
2016,1807,844
2017,1809,1810
2018,1350,1811
2019,1350,599
2020,1350,188
2021,1812,1813
2022,1812,164
2023,1812,1814
2024,1812,166
2025,1815,1815
2026,1632,1618
2027,32,1065
2028,32,31
2029,1816,1817
2030,1816,1818
2031,1819,1820
2032,1821,415
2033,1821,384
2034,639,820
2035,639,695
2036,639,1027
2037,639,285
2038,639,46
2039,639,1822
2040,639,682
2041,679,296
2042,679,297
2043,679,301
2044,1176,913
2045,1176,166
2046,58,58
2047,58,1823
2048,58,1824
2049,1453,1451
2050,1825,1826
2051,1825,1827
2052,1828,1828
2053,1829,1830
2054,1831,1831
2055,873,873
2056,873,874
2057,1832,872
2058,1832,873
2059,1832,874
2060,267,565
2061,267,346
2062,267,384
2063,1833,274
2064,1833,350
2065,1833,365
2066,1833,359
2067,1833,376
2068,1833,839
2069,1833,1028
2070,1833,282
2071,1833,1223
2072,1833,943
2073,1833,677
2074,1833,678
2075,1833,1086
2076,1833,366
2077,1833,1073
2078,1833,1195
2079,1833,1401
2080,1833,1224
2081,1833,1834
2082,1833,1022
2083,1833,1835
2084,1833,1034
2085,1833,370
2086,1833,384
2087,1833,14
2088,1833,1225
2089,1833,1836
2090,1833,681
2091,1833,578
2092,1837,1697
2093,1837,242
2094,1838,1839
2095,1838,921
2096,1838,382
2097,1838,383
2098,1840,1841
2099,1840,1842
2100,1840,1843
2101,1843,1842
2102,1844,1845
2103,1845,1844
2104,1846,1846
2105,1847,1846
2106,1847,1848
2107,1849,1850
2108,1851,1852
2109,1853,1202
2110,1854,1855
2111,1854,1526
2112,1854,1856
2113,1854,1857
2114,1858,96
2115,1859,1860
2116,1861,1862
2117,1863,501
2118,1863,1211
2119,1863,920
2120,1863,551
2121,1864,236
2122,1864,1865
2123,1866,1061
2124,1866,1867
2125,1866,1868
2126,535,530
2127,1177,530
2128,1177,535
2129,1177,384
2130,1869,1870
2131,1509,530
2132,1509,695
2133,1509,1651
2134,1509,1505
2135,1509,1506
2136,1509,1507
2137,1509,531
2138,1509,535
2139,1509,536
2140,1509,1512
2141,1509,537
2142,1509,1640
2143,1509,1515
2144,1509,1180
2145,1509,1518
2146,1340,1871
2147,1872,1873
2148,1872,1874
2149,1875,1876
2150,1875,1072
2151,1875,1877
2152,1878,1879
2153,1878,448
2154,1878,1876
2155,1878,1072
2156,1878,1880
2157,1878,1881
2158,1878,1875
2159,1878,1878
2160,1878,1882
2161,1878,593
2162,1878,1883
2163,1878,1884
2164,1878,1885
2165,1878,1877
2166,1878,1886
2167,1878,1887
2168,1878,449
2169,1888,1889
2170,1890,1891
2171,1892,1893
2172,1892,1894
2173,1892,1895
2174,1896,1897
2175,1898,1567
2176,1899,1900
2177,1901,1902
2178,1903,1686
2179,1904,1903
2180,1904,893
2181,1905,1906
2182,1905,1907
2183,1905,1908
2184,1905,1909
2185,1905,1910
2186,1905,662
2187,1905,1911
2188,1905,1912
2189,1913,867
2190,1913,324
2191,1913,326
2192,1914,1697
2193,1915,242
2194,1916,1917
2195,1918,1919
2196,1920,592
2197,1921,1922
2198,1045,1207
2199,1046,1043
2200,1046,1045
2201,1046,215
2202,1046,1749
2203,1046,1207
2204,1923,702
2205,1924,50
2206,1224,1121
2207,1925,964
2208,1925,965
2209,1925,1321
2210,1925,1926
2211,1925,1927
2212,1925,1928
2213,1925,1929
2214,1930,1931
2215,1932,350
2216,1932,553
2217,1932,297
2218,1932,624
2219,1932,924
2220,1932,625
2221,1932,1933
2222,1932,14
2223,1741,1934
2224,1741,1935
2225,1741,1936
2226,1741,1937
2227,1741,616
2228,1633,1938
2229,1939,1684
2230,1939,1940
2231,1834,1224
2232,1834,1034
2233,5,1361
2234,5,780
2235,5,96
2236,1941,1942
2237,1941,603
2238,1943,1788
2239,1944,1945
2240,1510,1261
2241,1510,439
2242,1510,1512
2243,1510,1023
2244,1510,1750
2245,1946,1947
2246,1946,904
2247,1948,1949
2248,1950,287
2249,1233,1951
2250,397,395
2251,1275,1006
2252,1952,1953
2253,1954,915
2254,1955,1956
2255,1955,1514
2256,1957,341
2257,1957,343
2258,1957,344
2259,1957,345
2260,1957,952
2261,1957,13
2262,1957,1137
2263,1957,1458
2264,1957,1462
2265,1957,267
2266,1957,1956
2267,1957,666
2268,1957,384
2269,1957,1085
2270,1957,347
2271,1957,959
2272,1957,960
2273,1536,670
2274,1958,1959
2275,1958,414
2276,583,1451
2277,1960,582
2278,1960,1961
2279,1960,1475
2280,1475,582
2281,1962,1963
2282,1964,1965
2283,1966,1967
2284,1968,1966
2285,1968,1967
2286,1969,1970
2287,1971,1972
2288,1973,158
2289,1973,159
2290,1973,379
2291,1973,200
2292,1973,1974
2293,1973,400
2294,1973,1975
2295,1976,1225
2296,1977,923
2297,1511,437
2298,1511,1978
2299,1979,1980
2300,1981,505
2301,1982,552
2302,1983,1539
2303,1423,1984
2304,1512,1178
2305,1985,1985
2306,1986,1266
2307,1987,1988
2308,550,1989
2309,550,549
2310,1990,1990
2311,1991,1699
2312,1992,1993
2313,1994,1995
2314,1994,1996
2315,1994,817
2316,1997,1997
2317,1997,625
2318,1997,14
2319,625,14
2320,1998,1999
2321,473,2000
2322,2001,2002
2323,2001,444
2324,2001,2003
2325,2004,2005
2326,2006,1520
2327,2006,497
2328,1771,2007
2329,2008,2009
2330,2010,2011
2331,2010,2012
2332,2013,243
2333,2014,2015
2334,200,378
2335,2016,2017
2336,2016,299
2337,2018,2019
2338,2018,2020
2339,2021,2022
2340,2023,133
2341,2023,134
2342,2023,1299
2343,2023,2021
2344,2024,2024
2345,2025,2026
2346,2027,2028
2347,2029,1023
2348,2030,1028
2349,2030,2031
2350,2030,276
2351,2030,2032
2352,2030,277
2353,2033,48
2354,2034,2035
2355,2036,2037
2356,2036,2036
2357,2038,2039
2358,2040,2040
2359,1823,58
2360,2041,2042
2361,2043,2044
2362,2045,2046
2363,2045,2047
2364,2045,434
2365,954,675
2366,954,639
2367,2048,10
2368,2049,2050
2369,2051,2052
2370,1022,1633
2371,1358,1938
2372,2053,2054
2373,2053,828
2374,2055,2056
2375,2055,242
2376,2055,2057
2377,2058,2059
2378,2060,231
2379,2060,601
2380,2061,231
2381,2061,1144
2382,2061,1145
2383,707,708
2384,836,1121
2385,836,1505
2386,836,1506
2387,836,1507
2388,836,2062
2389,836,415
2390,836,1178
2391,836,384
2392,2063,2064
2393,2063,261
2394,2065,584
2395,2065,1850
2396,2066,608
2397,2066,609
2398,1555,1756
2399,1555,608
2400,1555,879
2401,2067,676
2402,2067,244
2403,2067,99
2404,2067,494
2405,2067,171
2406,2067,2067
2407,2067,172
2408,2067,173
2409,2067,174
2410,2067,175
2411,152,219
2412,152,2068
2413,152,153
2414,2069,2070
2415,2069,2071
2416,2069,2072
2417,2069,2073
2418,2069,2074
2419,2069,442
2420,2073,2070
2421,2073,1103
2422,2073,2072
2423,2073,2069
2424,2073,2075
2425,2076,2077
2426,2078,2079
2427,2080,287
2428,2081,2082
2429,2083,2084
2430,2083,2085
2431,2083,1023
2432,2083,944
2433,2083,2086
2434,2083,2087
2435,2088,559
2436,2088,345
2437,2088,953
2438,2088,267
2439,2088,2089
2440,2088,2090
2441,2088,960
2442,2089,909
2443,2091,519
2444,1835,2092
2445,1835,2093
2446,1835,1176
2447,1835,416
2448,2094,2095
2449,2096,2097
2450,109,106
2451,109,108
2452,2098,1202
2453,2099,586
2454,2099,648
2455,2099,2100
2456,2099,1870
2457,2099,650
2458,2099,2101
2459,2099,587
2460,1063,1063
2461,1063,299
2462,1063,837
2463,2102,2103
2464,773,887
2465,2104,2105
2466,2104,2106
2467,2104,2107
2468,2104,1687
2469,1034,595
2470,1034,2108
2471,1034,1205
2472,1034,578
2473,1198,1197
2474,1198,354
2475,1047,354
2476,2109,114
2477,2110,2111
2478,2112,2113
2479,464,2114
2480,2115,599
2481,2116,394
2482,2116,395
2483,2116,1006
2484,2116,1105
2485,2116,397
2486,2116,1275
2487,2116,2117
2488,2116,1281
2489,2116,1282
2490,2118,2119
2491,2118,1504
2492,2118,384
2493,2062,412
2494,2062,2120
2495,2062,415
2496,2062,384
2497,2062,1264
2498,415,2093
2499,415,416
2500,1478,2119
2501,1478,439
2502,1478,2120
2503,1478,2062
2504,1478,384
2505,1479,2120
2506,653,653
2507,2121,1562
2508,1562,460
2509,1562,2122
2510,369,1813
2511,2123,2124
2512,2123,2125
2513,2126,1814
2514,2127,2128
2515,2127,2129
2516,2130,2131
2517,2130,2132
2518,2133,165
2519,2133,944
2520,2133,356
2521,2134,2135
2522,2134,1981
2523,304,2136
2524,2137,727
2525,2137,164
2526,2137,1814
2527,2137,373
2528,2137,166
2529,2137,728
2530,2138,2139
2531,1090,1089
2532,2140,2141
2533,2142,1622
2534,2143,114
2535,481,1712
2536,481,482
2537,2144,2144
2538,567,1569
2539,2145,1302
2540,2145,1303
2541,2145,1345
2542,788,115
2543,788,1596
2544,788,1595
2545,2146,1399
2546,2146,2147
2547,2146,1398
2548,2146,2148
2549,2146,2149
2550,2150,1399
2551,2150,1400
2552,2150,1398
2553,2151,2152
2554,2153,441
2555,260,572
2556,260,696
2557,260,573
2558,260,382
2559,260,698
2560,260,699
2561,2154,34
2562,2154,2155
2563,2154,37
2564,2156,2157
2565,2158,2159
2566,2160,2161
2567,2160,2162
2568,63,287
2569,2163,1288
2570,2163,1292
2571,2164,2165
2572,2164,2166
2573,2164,2167
2574,2168,766
2575,2168,767
2576,2168,768
2577,2168,769
2578,2169,2170
2579,2169,2171
2580,2171,883
2581,2172,2173
2582,2174,465
2583,59,997
2584,59,998
2585,59,1824
2586,2175,2176
2587,2177,2178
2588,645,39
2589,645,650
2590,645,652
2591,1405,2179
2592,2180,2181
2593,2180,2182
2594,326,324
2595,2183,2184
2596,2183,2185
2597,2186,2019
2598,2186,1558
2599,2186,1770
2600,2186,1772
2601,2186,195
2602,2187,2188
2603,2189,2190
2604,2189,2191
2605,2189,2192
2606,2193,2194
2607,2195,2195
2608,2196,2197
2609,2198,905
2610,2198,1914
2611,2199,2199
2612,2199,2200
2613,2199,2201
2614,2199,2202
2615,2203,2200
2616,2204,1619
2617,2204,1175
2618,2204,268
2619,2205,1967
2620,2206,593
2621,2206,802
2622,1721,1879
2623,1721,1885
2624,2207,813
2625,2208,2209
2626,2208,2210
2627,1568,2211
2628,1568,2212
2629,2213,1304
2630,2214,251
2631,2215,311
2632,2216,2082
2633,370,55
2634,2217,99
2635,2217,2186
2636,2217,172
2637,949,947
2638,1582,2218
2639,1928,964
2640,1928,965
2641,2219,2220
2642,2221,2222
2643,2223,2224
2644,2225,2226
2645,2227,2052
2646,2228,2229
2647,2230,2231
2648,2232,2232
2649,2233,2079
2650,2234,2235
2651,2236,1947
2652,2237,2238
2653,1636,913
2654,1636,2239
2655,1636,2240
2656,1636,1693
2657,1636,2241
2658,1636,537
2659,1636,914
2660,1636,1515
2661,1636,1645
2662,1636,1124
2663,2242,2243
2664,1373,896
2665,1373,898
2666,1373,1100
2667,1373,1372
2668,1373,897
2669,1373,1711
2670,1373,2244
2671,67,1176
2672,67,166
2673,67,167
2674,2245,2246
2675,2245,2247
2676,2248,2249
2677,183,1349
2678,184,2250
2679,184,183
2680,2251,2252
2681,2253,2254
2682,2255,1336
2683,2256,2046
2684,2256,887
2685,2256,2257
2686,2256,2008
2687,2256,2255
2688,2258,2259
2689,2258,2260
2690,2258,2261
2691,2258,2262
2692,2258,2263
2693,2258,741
2694,223,222
2695,223,291
2696,223,722
2697,2264,505
2698,2265,1877
2699,2266,2267
2700,2266,1072
2701,2266,593
2702,2266,2143
2703,2266,1886
2704,2266,1887
2705,2266,2129
2706,2268,2265
2707,2268,1886
2708,2269,997
2709,2269,1157
2710,2269,916
2711,2269,1101
2712,2269,1710
2713,2269,326
2714,2269,2270
2715,2269,1446
2716,2271,688
2717,2271,2053
2718,2271,363
2719,2272,2273
2720,2274,459
2721,2274,1444
2722,1722,1719
2723,1722,1291
2724,1722,1292
2725,1722,1720
2726,1722,1119
2727,1956,1613
2728,1956,530
2729,1956,596
2730,1956,535
2731,1956,2120
2732,1956,2118
2733,1956,2062
2734,1956,1478
2735,1956,1479
2736,1956,921
2737,1956,269
2738,1956,956
2739,1956,957
2740,1956,2275
2741,1956,2276
2742,1956,2277
2743,1956,2278
2744,1956,959
2745,1956,960
2746,2279,1596
2747,666,2280
2748,666,2281
2749,2282,2283
2750,2284,2285
2751,2284,2286
2752,819,2287
2753,2287,819
2754,2288,2289
2755,2290,456
2756,2290,2291
2757,456,2291
2758,2291,456
2759,2291,2291
2760,2292,456
2761,2292,2291
2762,2292,457
2763,457,2293
2764,457,2291
2765,2294,561
2766,2294,562
2767,2295,2296
2768,1464,887
2769,1464,689
2770,2297,2298
2771,2299,1101
2772,2299,1480
2773,2299,2299
2774,2299,1467
2775,1112,610
2776,1112,2300
2777,1112,1685
2778,1112,1670
2779,1112,454
2780,1112,1903
2781,1112,1905
2782,1112,2290
2783,1112,611
2784,1112,1912
2785,1112,2301
2786,1112,2302
2787,1112,2303
2788,1112,1700
2789,1112,1015
2790,2304,2305
2791,2304,623
2792,2304,622
2793,2304,2304
2794,2304,2306
2795,2306,2304
2796,2306,2306
2797,2306,2307
2798,2308,601
2799,2309,2310
2800,2311,2312
2801,2311,2313
2802,2311,845
2803,441,436
2804,2314,2315
2805,2314,2316
2806,982,30
2807,982,31
2808,982,32
2809,982,33
2810,1116,876
2811,1116,877
2812,1116,295
2813,1116,878
2814,2317,2318
2815,2317,2319
2816,2319,2320
2817,2319,2306
2818,2321,2322
2819,2322,2321
2820,2323,2324
2821,2323,2325
2822,209,947
2823,209,2218
2824,1278,339
2825,1278,394
2826,1278,2155
2827,1278,1006
2828,1278,1105
2829,1278,1272
2830,1278,397
2831,1278,1275
2832,1278,2116
2833,1278,1276
2834,1278,2154
2835,1278,1278
2836,1278,2117
2837,1278,1281
2838,1278,1282
2839,1278,2326
2840,1279,2116
2841,1279,1278
2842,1279,2326
2843,1280,35
2844,1280,2327
2845,1280,340
2846,2117,1006
2847,2117,1105
2848,2117,1281
2849,2117,1282
2850,1281,1006
2851,1281,1105
2852,1281,397
2853,1281,2117
2854,1282,1006
2855,1282,1105
2856,1282,1281
2857,1080,2328
2858,2329,896
2859,2329,898
2860,2329,1100
2861,2329,1372
2862,2329,897
2863,2329,1711
2864,2329,2080
2865,2330,2331
2866,914,1179
2867,1179,914
2868,2332,557
2869,2332,989
2870,2332,2333
2871,2334,426
2872,2334,2335
2873,2334,80
2874,2334,1082
2875,2334,831
2876,2334,2336
2877,2334,592
2878,2334,1072
2879,2334,1319
2880,2334,1320
2881,2334,1466
2882,2334,2332
2883,2334,1377
2884,2334,81
2885,2334,2337
2886,2334,2157
2887,2334,2338
2888,2334,1037
2889,2334,832
2890,2334,2339
2891,2334,2340
2892,2334,2341
2893,2342,1876
2894,2342,1072
2895,2342,2265
2896,2342,449
2897,371,353
2898,371,371
2899,371,216
2900,371,2343
2901,2344,438
2902,372,353
2903,372,2120
2904,372,354
2905,372,14
2906,372,2345
2907,372,68
2908,372,357
2909,372,2346
2910,2347,2348
2911,2347,2349
2912,2350,27
2913,2350,1239
2914,2350,2351
2915,984,2352
2916,2353,66
2917,2353,889
2918,2353,634
2919,2354,2355
2920,2356,1900
2921,2356,2357
2922,2351,27
2923,2351,2358
2924,2359,1192
2925,2360,892
2926,340,34
2927,340,35
2928,340,37
2929,1293,2361
2930,2362,2363
2931,1695,1694
2932,2364,1451
2933,2365,726
2934,2366,2367
2935,2368,2369
2936,2368,2370
2937,2371,1358
2938,2371,2372
2939,2373,1358
2940,2373,2374
2941,2373,2372
2942,2375,115
2943,2375,2376
2944,2375,1596
2945,2375,978
2946,2375,2377
2947,299,215
2948,299,1207
2949,2378,2379
2950,2380,2381
2951,2382,2383
2952,2382,753
2953,2382,754
2954,2384,2385
2955,2384,2386
2956,2387,709
2957,2387,710
2958,2388,709
2959,2388,710
2960,2388,2389
2961,2388,2390
2962,2388,2391
2963,2392,2393
2964,2394,2392
2965,2394,1911
2966,124,2395
2967,124,2396
2968,124,1114
2969,124,2397
2970,2398,2399
2971,2400,973
2972,2400,974
2973,1637,1616
2974,2401,2402
2975,2403,2403
2976,2404,2405
2977,2406,610
2978,2406,1909
2979,2406,2407
2980,2406,1685
2981,2406,1380
2982,2406,1905
2983,2406,1686
2984,2406,2408
2985,2406,1014
2986,2406,611
2987,2406,2409
2988,2406,1912
2989,2406,2301
2990,2406,2410
2991,2406,1700
2992,2406,1015
2993,2408,450
2994,2408,2411
2995,2408,2410
2996,2412,2412
2997,1377,72
2998,1377,73
2999,1377,74
3000,1377,1679
3001,1377,979
3002,1377,1319
3003,1377,1320
3004,1377,1374
3005,1377,75
3006,1377,866
3007,1377,2413
3008,1377,2414
3009,1377,1083
3010,1377,2415
3011,1377,2416
3012,1377,2417
3013,1377,2409
3014,1377,2418
3015,1377,1379
3016,2419,2409
3017,2420,79
3018,2420,1879
3019,2420,252
3020,2420,2334
3021,2420,2394
3022,2420,2421
3023,2420,2422
3024,2423,295
3025,2424,1046
3026,2343,353
3027,2425,2426
3028,2427,2428
3029,2427,2425
3030,381,1642
3031,381,2429
3032,2430,2431
3033,2432,2431
3034,2432,2430
3035,2433,1910
3036,269,1261
3037,269,578
3038,837,1261
3039,2434,2435
3040,2436,629
3041,2437,2438
3042,2439,2440
3043,2441,2092
3044,2441,1835
3045,2441,2442
3046,154,148
3047,154,149
3048,2443,2362
3049,2444,2445
3050,2445,2443
3051,2446,857
3052,2446,928
3053,2446,2447
3054,2448,824
3055,2449,141
3056,1341,1482
3057,1341,2450
3058,1341,2451
3059,2450,1341
3060,2450,2451
3061,2047,2452
3062,2047,434
3063,2047,2453
3064,1023,2454
3065,1023,854
3066,1023,1641
3067,1023,1151
3068,1023,578
3069,1023,2455
3070,2456,1354
3071,2413,2457
3072,2413,2458
3073,1604,2459
3074,2460,201
3075,201,148
3076,201,149
3077,201,150
3078,2461,1799
3079,2461,601
3080,2461,2462
3081,2461,2463
3082,2461,2464
3083,2461,96
3084,2462,485
3085,2462,2465
3086,2462,601
3087,2462,2463
3088,2462,2464
3089,2466,2467
3090,2064,261
3091,2468,1624
3092,2468,2161
3093,2468,1626
3094,2468,1627
3095,2469,2470
3096,81,590
3097,81,591
3098,81,592
3099,81,593
3100,2471,2471
3101,2472,2473
3102,1583,1173
3103,2474,1757
3104,285,2475
3105,285,326
3106,285,381
3107,285,382
3108,285,383
3109,285,384
3110,285,45
3111,2476,2477
3112,2478,2479
3113,2478,1188
3114,2480,2481
3115,2482,412
3116,2482,1264
3117,2483,415
3118,1463,2484
3119,8,768
3120,8,230
3121,8,988
3122,8,2485
3123,8,2486
3124,8,1193
3125,8,7
3126,8,2349
3127,8,1911
3128,8,1015
3129,2487,2488
3130,2489,2490
3131,2491,1666
3132,2491,1669
3133,2491,1020
3134,2491,1668
3135,2492,2385
3136,2493,713
3137,2494,2494
3138,2495,2496
3139,2497,656
3140,2497,657
3141,2498,2119
3142,2498,2499
3143,2498,2500
3144,2501,2502
3145,2501,213
3146,2501,2477
3147,2501,2503
3148,2501,2476
3149,2501,2504
3150,2505,2505
3151,355,352
3152,2504,2506
3153,2507,2508
3154,2509,2506
3155,2510,1129
3156,2511,2232
3157,2512,2513
3158,2514,2515
3159,2513,107
3160,2513,2514
3161,2516,825
3162,384,2517
3163,1638,665
3164,1638,2119
3165,1638,412
3166,1638,264
3167,1638,1632
3168,1638,535
3169,1638,2120
3170,1638,2118
3171,1638,2062
3172,1638,1478
3173,1638,1479
3174,1638,666
3175,1638,269
3176,1638,956
3177,1638,384
3178,1638,1639
3179,1638,1514
3180,1638,1897
3181,1638,2518
3182,2519,262
3183,2519,411
3184,2519,343
3185,2519,665
3186,2519,1617
3187,2519,344
3188,2519,345
3189,2519,13
3190,2519,1620
3191,2519,1621
3192,2519,1261
3193,2519,439
3194,2519,413
3195,2519,536
3196,2519,1479
3197,2519,666
3198,2519,269
3199,2519,837
3200,2519,384
3201,2519,1639
3202,2519,1514
3203,2519,957
3204,2519,1181
3205,2519,2275
3206,2519,1749
3207,2519,2520
3208,2519,1649
3209,2519,347
3210,2519,959
3211,2519,960
3212,1639,413
3213,1639,666
3214,1639,384
3215,1514,269
3216,2521,2522
3217,2523,2524
3218,2525,2526
3219,2525,2527
3220,2525,2528
3221,2529,1814
3222,2530,2531
3223,2530,2532
3224,2355,2354
3225,2533,1116
3226,280,2534
3227,280,592
3228,280,2535
3229,280,491
3230,280,2536
3231,2537,1338
3232,2537,1077
3233,2538,2539
3234,2538,2540
3235,2538,2541
3236,2542,2543
3237,2544,1180
3238,1180,2545
3239,2546,2547
3240,2548,2544
3241,2548,1180
3242,2549,2550
3243,2551,844
3244,2551,845
3245,2551,544
3246,608,1754
3247,608,33
3248,2552,2553
3249,2552,2554
3250,2555,843
3251,1436,2238
3252,1436,2237
3253,2556,772
3254,2556,2557
3255,2558,2559
3256,2560,2561
3257,2562,2563
3258,2564,1122
3259,2565,2565
3260,2566,2567
3261,2568,1911
3262,2569,2570
3263,2571,2572
3264,2573,2574
3265,2575,731
3266,2082,2044
3267,664,664
3268,2576,2577
3269,2576,2578
3270,2579,2580
3271,2579,731
3272,2579,730
3273,2579,2581
3274,2579,2582
3275,2579,2575
3276,2579,2583
3277,2579,2584
3278,2579,514
3279,2579,2585
3280,2579,2586
3281,957,341
3282,957,343
3283,957,596
3284,957,344
3285,957,345
3286,957,13
3287,957,1085
3288,957,347
3289,957,959
3290,957,960
3291,2587,731
3292,2587,514
3293,2587,2588
3294,2578,2577
3295,2589,514
3296,2589,515
3297,900,899
3298,2012,1336
3299,2012,2255
3300,2590,2591
3301,2590,1336
3302,2590,2592
3303,2593,412
3304,2190,2191
3305,2594,2594
3306,2595,2409
3307,2596,2597
3308,2333,990
3309,2598,1116
3310,2599,2040
3311,1014,1936
3312,2600,2601
3313,551,547
3314,551,548
3315,2602,2603
3316,2604,2605
3317,2604,2606
3318,2604,2250
3319,2604,2607
3320,1096,1094
3321,1096,739
3322,764,763
3323,2608,2609
3324,1283,2610
3325,390,388
3326,2611,2611
3327,2612,2613
3328,2614,1444
3329,2615,2616
3330,2617,2618
3331,2617,1000
3332,2235,2234
3333,1642,2429
3334,2619,2619
3335,2620,1959
3336,2620,1845
3337,2621,1242
3338,2622,2623
3339,2622,1015
3340,2623,1352
3341,2624,1908
3342,2624,2393
3343,2624,893
3344,2624,1912
3345,2625,2626
3346,2626,2627
3347,2626,2628
3348,2629,2630
3349,2629,2631
3350,2632,2011
3351,2633,2634
3352,2633,2635
3353,2633,2636
3354,2635,2634
3355,2459,2634
3356,2459,2635
3357,2459,2636
3358,2637,490
3359,2637,491
3360,1083,617
3361,1083,618
3362,2638,754
3363,2383,753
3364,2639,2638
3365,2639,753
3366,2639,754
3367,2640,2166
3368,2641,1352
3369,2642,1352
3370,2642,2622
3371,2642,2623
3372,2642,2641
3373,2643,276
3374,2643,1672
3375,2644,324
3376,2644,2032
3377,2644,63
3378,2644,326
3379,2644,2643
3380,2645,1015
3381,2646,1991
3382,2646,2647
3383,800,752
3384,2000,623
3385,2000,1586
3386,2648,1586
3387,2649,2650
3388,2651,2651
3389,2652,2652
3390,2653,1202
3391,2654,2655
3392,2656,2657
3393,2656,1302
3394,2656,2658
3395,1455,156
3396,1455,696
3397,1455,15
3398,1455,2086
3399,1455,697
3400,1455,698
3401,662,1912
3402,2659,2660
3403,2661,1555
3404,2661,608
3405,2661,2662
3406,2661,2663
3407,2661,609
3408,2662,1755
3409,2664,701
3410,2664,2665
3411,2664,2666
3412,2667,2668
3413,2667,2669
3414,2667,2670
3415,2667,2671
3416,2667,2672
3417,2673,1233
3418,2674,1557
3419,1516,1261
3420,1516,532
3421,1516,533
3422,1516,536
3423,1516,1181
3424,1516,1262
3425,1516,1897
3426,1516,1517
3427,1516,1263
3428,1748,530
3429,1748,531
3430,1748,532
3431,1748,535
3432,1748,1224
3433,1748,536
3434,1748,1181
3435,1748,1262
3436,1748,1897
3437,1748,1517
3438,1748,1263
3439,2675,2676
3440,2275,341
3441,2275,342
3442,2275,343
3443,2275,596
3444,2275,344
3445,2275,345
3446,2275,13
3447,2275,955
3448,2275,384
3449,2275,957
3450,2275,1085
3451,2275,347
3452,2275,2278
3453,2275,959
3454,2275,960
3455,2677,2678
3456,2679,50
3457,2680,2680
3458,1098,1097
3459,2681,2131
3460,1246,2663
3461,2682,2683
3462,2684,2111
3463,2685,828
3464,2686,2687
3465,2686,784
3466,2686,2127
3467,2686,1406
3468,2686,2688
3469,2686,2689
3470,1406,798
3471,1406,1366
3472,2688,1020
3473,2688,1366
3474,1549,1225
3475,2690,2691
3476,2690,2692
3477,611,2568
3478,491,2536
3479,2693,2522
3480,2694,500
3481,2694,39
3482,2694,884
3483,2694,920
3484,2695,1321
3485,2695,1926
3486,2695,1322
3487,2695,1610
3488,1856,905
3489,1856,2696
3490,1856,2697
3491,1856,117
3492,1856,1603
3493,1856,1464
3494,1856,2497
3495,1856,2698
3496,1856,2699
3497,2700,1806
3498,495,1775
3499,495,1776
3500,903,578
3501,1411,302
3502,1411,304
3503,2701,2702
3504,2703,1959
3505,2703,368
3506,475,2704
3507,475,256
3508,475,2705
3509,2706,2707
3510,2708,1607
3511,2708,1605
3512,2709,2710
3513,2711,399
3514,2711,2712
3515,2711,2713
3516,1867,2711
3517,373,164
3518,373,165
3519,373,166
3520,373,167
3521,570,569
3522,570,570
3523,2714,2715
3524,2714,2714
3525,2716,2717
3526,2717,2718
3527,2717,2717
3528,2719,2718
3529,2719,2720
3530,2721,2718
3531,2148,1399
3532,2148,2147
3533,2722,2723
3534,2722,1778
3535,2722,1548
3536,2722,2724
3537,2722,1780
3538,2722,1897
3539,2722,2725
3540,1229,749
3541,2726,2727
3542,2728,746
3543,2728,1532
3544,2728,185
3545,2728,771
3546,2727,2729
3547,2730,2731
3548,2732,1502
3549,2733,269
3550,2734,1608
3551,2734,2735
3552,2734,917
3553,331,330
3554,85,2024
3555,85,2736
3556,2737,431
3557,2737,432
3558,2738,1146
3559,2739,382
3560,2739,383
3561,1035,381
3562,1035,1642
3563,1035,2429
3564,1035,2739
3565,680,1313
3566,680,1314
3567,680,918
3568,680,1838
3569,680,2029
3570,680,285
3571,680,382
3572,680,383
3573,680,1036
3574,680,1316
3575,254,1984
3576,2740,1681
3577,2740,2741
3578,2742,458
3579,2742,2743
3580,2742,1481
3581,2742,2744
3582,2742,2167
3583,2742,1444
3584,2745,2746
3585,2747,1563
3586,574,2108
3587,2748,2749
3588,2748,2108
3589,2108,1205
3590,1644,531
3591,1644,536
3592,1644,1515
3593,1644,1181
3594,1644,1262
3595,1644,1124
3596,1644,1263
3597,1645,532
3598,1645,1793
3599,1645,1515
3600,1645,1645
3601,2750,701
3602,2751,2752
3603,2101,587
3604,2753,587
3605,2754,2755
3606,2756,2757
3607,2756,185
3608,2758,2307
3609,2759,55
3610,1188,971
3611,2760,219
3612,2761,2526
3613,2761,947
3614,2761,1731
3615,2761,2762
3616,2761,2528
3617,2761,2763
3618,2761,950
3619,2764,2765
3620,195,39
3621,195,40
3622,2766,180
3623,2766,2767
3624,2768,2769
3625,2389,2330
3626,2389,2390
3627,173,2770
3628,2770,173
3629,2345,165
3630,2345,356
3631,1836,694
3632,1836,351
3633,1836,352
3634,1836,353
3635,1836,677
3636,1836,761
3637,1836,678
3638,1836,354
3639,1836,2133
3640,1836,355
3641,1836,14
3642,1836,2345
3643,1836,944
3644,1836,356
3645,1836,68
3646,1836,357
3647,1836,682
3648,2771,2772
3649,2773,1490
3650,2773,2422
3651,2774,2775
3652,2774,1730
3653,2774,1729
3654,2774,903
3655,9,1169
3656,2442,2776
3657,2777,1014
3658,2778,2779
3659,2780,78
3660,2780,2781
3661,2780,2782
3662,2780,2783
3663,2784,1707
3664,2785,2786
3665,2785,2787
3666,2785,2788
3667,2785,2789
3668,2785,2790
3669,2789,2786
3670,2789,2788
3671,2789,2791
3672,2792,706
3673,2792,1335
3674,2792,707
3675,2792,1603
3676,2792,2411
3677,2792,1911
3678,2793,2794
3679,2793,295
3680,2795,2796
3681,2797,331
3682,2798,2799
3683,2800,1889
3684,196,191
3685,196,192
3686,2057,1995
3687,2801,360
3688,2801,362
3689,2801,364
3690,2802,1823
3691,2802,1054
3692,2802,2803
3693,2802,2804
3694,362,361
3695,362,362
3696,362,363
3697,362,364
3698,2805,2806
3699,2805,2807
3700,2808,2809
3701,2808,735
3702,2810,2811
3703,2812,2813
3704,2814,2812
3705,2814,2813
3706,2815,2816
3707,2817,859
3708,2818,2817
3709,2819,2820
3710,2819,2821
3711,2819,2603
3712,2822,1596
3713,2823,590
3714,2823,1826
3715,2823,2513
3716,2823,295
3717,2824,2825
3718,2824,2180
3719,2824,2182
3720,2826,1584
3721,1646,913
3722,1646,1386
3723,1646,1508
3724,1646,1612
3725,1646,1629
3726,1646,914
3727,1646,1179
3728,1646,1514
3729,1646,2544
3730,1646,1180
3731,1646,217
3732,1646,2827
3733,1780,1778
3734,2828,903
3735,2828,578
3736,2829,2830
3737,1262,1181
3738,1262,1263
3739,1897,536
3740,1897,1181
3741,1897,1262
3742,2831,2832
3743,2831,962
3744,2833,2336
3745,2833,2337
3746,2833,2157
3747,2834,2405
3748,2405,101
3749,817,1414
3750,409,406
3751,409,647
3752,2835,505
3753,2836,276
3754,2836,2837
3755,2838,2839
3756,2840,2841
3757,2841,2838
3758,2841,2839
3759,2842,221
3760,2842,222
3761,2842,1891
3762,2842,2843
3763,2844,2845
3764,2846,2846
3765,2847,2655
3766,2848,2848
3767,2849,1557
3768,2338,426
3769,2338,831
3770,2338,2336
3771,2338,1995
3772,2338,2486
3773,2338,749
3774,2338,2850
3775,2338,2337
3776,2338,2157
3777,2338,2851
3778,2338,832
3779,2338,2852
3780,2851,831
3781,2851,749
3782,2851,832
3783,1802,1934
3784,1802,881
3785,2853,599
3786,2853,2854
3787,2853,184
3788,2853,2855
3789,2856,2857
3790,2858,2859
3791,2860,2028
3792,2860,2861
3793,2860,1482
3794,2860,2862
3795,2860,2863
3796,2860,295
3797,2860,2673
3798,2860,2864
3799,2860,2865
3800,2860,2866
3801,2860,2867
3802,2860,2868
3803,2860,2869
3804,2860,806
3805,2860,2870
3806,2860,2871
3807,2872,50
3808,2873,2873
3809,2874,902
3810,2874,2727
3811,2874,2875
3812,2875,2876
3813,2875,2729
3814,2875,2877
3815,2878,2798
3816,2879,2037
3817,2879,150
3818,2879,2405
3819,2880,2881
3820,2880,2882
3821,2880,2883
3822,2881,2882
3823,2881,2883
3824,204,203
3825,204,2884
3826,2885,2886
3827,1378,798
3828,2887,2888
3829,2887,885
3830,2887,242
3831,2887,451
3832,2887,2889
3833,2887,1110
3834,2887,1499
3835,2887,2890
3836,2887,1701
3837,2887,463
3838,2887,1837
3839,2887,2735
3840,2887,2734
3841,2887,817
3842,2887,1699
3843,2891,971
3844,2892,2893
3845,2894,2893
3846,2895,2896
3847,2895,1366
3848,2897,119
3849,2898,2385
3850,2898,2386
3851,2898,2655
3852,2899,2385
3853,2899,2386
3854,2899,2655
3855,2899,2898
3856,2899,2900
3857,2901,2902
3858,1342,1871
3859,1342,1340
3860,1342,2287
3861,2725,2903
3862,2904,2905
3863,2904,1250
3864,2906,2907
3865,2906,1951
3866,166,164
3867,166,1814
3868,976,107
3869,2908,2909
3870,2090,597
3871,2421,1885
3872,2421,2910
3873,2911,1879
3874,1885,1887
3875,391,857
3876,2416,2912
3877,2912,2415
3878,2913,779
3879,2913,926
3880,2913,977
3881,2913,780
3882,2913,927
3883,2914,2915
3884,2914,2488
3885,2914,2487
3886,2914,2916
3887,15,156
3888,2917,66
3889,2918,2860
3890,2919,2920
3891,1285,104
3892,1285,105
3893,2520,412
3894,2520,2520
3895,2520,1124
3896,2921,211
3897,185,746
3898,185,771
3899,2922,915
3900,2922,1154
3901,2922,2214
3902,2922,2923
3903,2922,2924
3904,2925,250
3905,2925,450
3906,2925,2926
3907,2925,2927
3908,2925,2928
3909,2925,251
3910,2925,2929
3911,2925,1873
3912,2925,2930
3913,2925,2931
3914,2925,2932
3915,2925,1679
3916,2925,115
3917,2925,2889
3918,2925,2933
3919,2925,1935
3920,2925,1678
3921,2925,2934
3922,2925,2935
3923,2925,2936
3924,2925,1741
3925,2925,1939
3926,2925,2486
3927,2925,1954
3928,2925,2937
3929,2925,2938
3930,2925,2939
3931,2925,2055
3932,2925,2143
3933,2925,2184
3934,2925,2185
3935,2925,2183
3936,2925,2568
3937,2925,749
3938,2925,2622
3939,2925,2623
3940,2925,2645
3941,2925,2721
3942,2925,2940
3943,2925,2107
3944,2925,2941
3945,2925,2792
3946,2925,2338
3947,2925,2851
3948,2925,2942
3949,2925,1937
3950,2925,2943
3951,2925,2301
3952,2925,2944
3953,2925,2945
3954,2925,2946
3955,2923,1362
3956,2923,1466
3957,2923,1939
3958,2923,1480
3959,2923,2338
3960,2923,2851
3961,2923,2301
3962,2923,2944
3963,2923,2945
3964,2923,2947
3965,2948,450
3966,2948,969
3967,2924,1319
3968,2924,2214
3969,1114,124
3970,2949,2950
3971,2372,1358
3972,2372,2949
3973,2951,2952
3974,2951,938
3975,2951,2953
3976,2954,2952
3977,2954,938
3978,635,2955
3979,635,635
3980,2417,2956
3981,1199,1261
3982,2957,2958
3983,2958,1044
3984,2821,2907
3985,2821,2820
3986,2855,2959
3987,2855,1856
3988,2855,1525
3989,906,906
3990,2960,2961
3991,2960,1292
3992,2962,588
3993,2962,1871
3994,2962,1077
3995,2962,1340
3996,2962,2145
3997,2962,280
3998,2962,490
3999,2962,1342
4000,2962,2963
4001,2963,1339
4002,2963,1993
4003,2963,1740
4004,2963,2658
4005,2964,418
4006,2964,419
4007,2964,420
4008,2964,2965
4009,2964,1325
4010,2966,2966
4011,2967,2409
4012,2968,2969
4013,2968,2107
4014,2357,1182
4015,2970,481
4016,2970,482
4017,1249,2971
4018,2972,1249
4019,2689,785
4020,2689,786
4021,2973,2974
4022,2975,29
4023,2975,982
4024,2975,2975
4025,2976,1849
4026,2977,2631
4027,2377,2376
4028,2377,994
4029,2978,584
4030,2978,1850
4031,2978,156
4032,2978,1849
4033,2978,625
4034,2978,14
4035,2978,1455
4036,2978,15
4037,2978,2976
4038,2978,585
4039,2978,2978
4040,2979,2980
4041,2979,2981
4042,2979,2982
4043,2979,2983
4044,2983,2980
4045,2983,2982
4046,2984,2985
4047,2984,2968
4048,2984,2986
4049,2984,2987
4050,2987,1302
4051,2987,1303
4052,2987,1345
4053,2988,853
4054,2989,2990
4055,2989,473
4056,2989,2991
4057,2989,605
4058,2989,2976
4059,2989,2992
4060,2993,2994
4061,2993,2995
4062,934,698
4063,2074,2996
4064,2074,2572
4065,2074,442
4066,2997,1068
4067,1142,877
4068,1142,2997
4069,1142,357
4070,2998,2999
4071,188,1349
4072,188,2803
4073,188,2804
4074,188,786
4075,832,831
4076,832,593
4077,2463,601
4078,2464,601
4079,2464,96
4080,96,486
4081,3000,3001
4082,2326,339
4083,2326,3002
4084,2326,1275
4085,2326,3003
4086,97,601
4087,3004,3005
4088,2736,3006
4089,1868,3007
4090,3008,3009
4091,3008,3010
4092,3011,3008
4093,3011,660
4094,3011,3009
4095,659,3008
4096,660,3008
4097,660,3009
4098,3009,3008
4099,3009,660
4100,3012,271
4101,3012,3008
4102,3012,25
4103,3013,883
4104,3013,877
4105,3013,357
4106,3014,3014
4107,3015,521
4108,3015,522
4109,724,1635
4110,3016,3017
4111,3016,1151
4112,356,944
4113,728,164
4114,3018,3019
4115,2699,3020
4116,3021,3020
4117,3021,2699
4118,46,1822
4119,3022,688
4120,3022,2602
4121,3023,3024
4122,3025,3026
4123,3027,1289
4124,3026,1289
4125,3026,3027
4126,2263,2260
4127,3028,594
4128,3028,894
4129,3028,763
4130,3028,712
4131,3028,368
4132,3028,713
4133,3028,441
4134,3028,764
4135,3028,14
4136,3028,529
4137,3028,3029
4138,3028,1000
4139,2409,2595
4140,697,696
4141,698,696
4142,167,164
4143,3030,1064
4144,3031,1351
4145,189,2026
4146,189,186
4147,189,187
4148,3032,107
4149,3032,189
4150,3033,688
4151,3033,689
4152,3033,690
4153,1465,1017
4154,1648,1756
4155,1648,879
4156,3034,688
4157,3034,2257
4158,3034,599
4159,3034,690
4160,3034,1465
4161,3034,3035
4162,3034,3036
4163,3034,786
4164,3037,762
4165,3038,19
4166,1390,3039
4167,434,2046
4168,3040,928
4169,374,165
4170,3041,3041
4171,3041,3042
4172,3041,1563
4173,3042,1563
4174,3043,3044
4175,3043,3045
4176,3043,3046
4177,3046,3045
4178,3047,1549
4179,3047,1225
4180,125,123
4181,125,124
4182,125,126
4183,126,125
4184,3048,3049
4185,3050,2550
4186,2276,2665
4187,2910,449
4188,3051,517
4189,3052,3053
4190,3052,3054
4191,3055,2980
4192,3055,2982
4193,1075,696
4194,1075,677
4195,1075,2084
4196,1075,382
4197,1075,383
4198,1075,384
4199,1075,165
4200,1075,2086
4201,1075,697
4202,1075,698
4203,3056,1167
4204,2586,2580
4205,301,298
4206,2900,3057
4207,2900,2385
4208,2900,2655
4209,2900,2898
4210,2900,2900
4211,3058,3059
4212,3060,1717
4213,3060,2084
4214,3060,3061
4215,3062,2084
4216,3063,404
4217,3063,405
4218,3064,428
4219,3064,3065
4220,2339,3065
4221,3066,3067
4222,3068,3069
4223,3070,1451
4224,3071,3072
4225,3072,2902
4226,3073,3073
4227,3074,1634
4228,3074,1553
4229,2349,2348
4230,3075,307
4231,3075,308
4232,3076,3077
4233,28,3078
4234,28,2358
4235,2804,2803
4236,3079,2068
4237,3079,201
4238,3079,558
4239,3080,817
4240,3081,3082
4241,3083,1669
4242,3083,1020
4243,3083,3084
4244,1041,1667
4245,1041,1900
4246,1091,1088
4247,1091,1092
4248,1092,1088
4249,3085,20
4250,3085,21
4251,3086,285
4252,3087,2591
4253,3087,2592
4254,3088,3089
4255,3090,3091
4256,3090,3092
4257,3092,3091
4258,3092,3093
4259,3094,3095
4260,3094,3096
4261,1050,571
4262,1050,694
4263,1050,1313
4264,1050,1314
4265,1050,1804
4266,1050,1805
4267,1050,1838
4268,1050,2084
4269,1050,1023
4270,1050,285
4271,1050,382
4272,1050,383
4273,1050,384
4274,1050,14
4275,1050,1035
4276,1050,574
4277,1050,2748
4278,1050,578
4279,1050,585
4280,1050,1049
4281,1050,1051
4282,1050,2087
4283,2418,2417
4284,3097,3098
4285,3099,3100
4286,3101,2942
4287,2003,2002
4288,2003,444
4289,3102,3103
4290,3102,3104
4291,2603,2515
4292,2603,3105
4293,3106,655
4294,3106,2959
4295,3106,2862
4296,3106,2249
4297,3106,1351
4298,3106,3105
4299,3106,605
4300,3106,3107
4301,3106,2803
4302,3106,2804
4303,3106,2603
4304,3106,3106
4305,3106,3108
4306,3106,2886
4307,3106,2871
4308,3108,1349
4309,3108,1017
4310,3108,1348
4311,3108,1350
4312,3108,773
4313,3108,2855
4314,3108,188
4315,3108,3034
4316,3108,2803
4317,3108,2804
4318,3108,786
4319,3109,3109
4320,3110,3111
4321,3111,3111
4322,3112,1474
4323,3112,459
4324,3112,1475
4325,3112,3070
4326,3112,1444
4327,3113,3114
4328,3113,330
4329,3113,331
4330,3113,332
4331,3115,3114
4332,3116,71
4333,3116,72
4334,3116,73
4335,3116,617
4336,3116,1081
4337,3116,1375
4338,3116,1666
4339,3116,2183
4340,3116,866
4341,3116,1377
4342,3116,618
4343,3117,918
4344,3118,1444
4345,3119,3118
4346,3119,3120
4347,3120,3039
4348,1102,3121
4349,1102,896
4350,1102,898
4351,1102,1372
4352,1102,897
4353,1102,1711
4354,3122,494
4355,3122,3122
4356,3123,2085
4357,2128,3124
4358,3125,1773
4359,3126,3127
4360,3128,3129
4361,3128,860
4362,3128,862
4363,860,3130
4364,3131,3132
4365,3133,3134
4366,3135,1229
4367,3135,449
4368,3136,2369
4369,3136,2370
4370,3137,205
4371,68,944
4372,68,1542
4373,717,355
4374,3138,3138
4375,2310,3139
4376,3140,2310
4377,3141,1124
4378,3061,3142
4379,3143,1725
4380,3143,96
4381,3144,387
4382,3145,2871
4383,1183,1505
4384,1183,1506
4385,1183,1507
4386,1183,1509
4387,1183,1518
4388,1183,1184
4389,1184,1618
4390,1184,1632
4391,3146,1193
4392,3147,3148
4393,3149,2799
4394,3149,3150
4395,3149,183
4396,3149,184
4397,3149,2891
4398,3149,186
4399,3151,616
4400,1051,3152
4401,1051,381
4402,1051,2739
4403,1051,2087
4404,375,375
4405,705,3153
4406,705,1103
4407,705,704
4408,705,2069
4409,705,375
4410,3154,3155
4411,3155,3156
4412,3157,529
4413,3158,3159
4414,3159,3160
4415,3161,1134
4416,3162,3159
4417,3163,68
4418,3164,775
4419,3164,776
4420,3164,996
4421,3164,3164
4422,3165,3166
4423,3167,2672
4424,3168,2270
4425,3169,115
4426,3169,1596
4427,3169,1595
4428,3169,2375
4429,3169,1437
4430,3170,2861
4431,3170,3171
4432,3172,115
4433,3172,2832
4434,3172,119
4435,3173,261
4436,3174,247
4437,3174,248
4438,2277,3175
4439,3176,3177
4440,2752,3177
4441,3178,3179
4442,1610,3180
4443,3180,2409
4444,3181,3182
4445,3183,99
4446,3183,1312
4447,3183,1029
4448,3183,466
4449,3183,467
4450,3183,2764
4451,3184,3185
4452,3184,3186
4453,3184,2401
4454,3184,3187
4455,726,2365
4456,3188,3189
4457,3190,1935
4458,3190,1741
4459,3190,616
4460,3191,306
4461,3191,1935
4462,3191,3190
4463,3191,616
4464,3192,3190
4465,3193,2623
4466,3194,2543
4467,3035,3036
4468,3036,1465
4469,3036,786
4470,3195,786
4471,786,1017
4472,3196,576
4473,576,3197
4474,2358,3078
4475,2358,1515
4476,286,759
4477,1929,964
4478,1929,1927
4479,3198,3199
4480,1379,1374
4481,654,879
4482,654,33
4483,3200,3201
4484,1857,3202
4485,1857,3203
4486,1360,151
4487,220,3204
4488,220,605
4489,3205,958
4490,3206,3207
4491,3208,4
4492,3208,1583
4493,11,2465
4494,11,2642
4495,3209,1945
4496,3210,3211
4497,1085,343
4498,1085,346
4499,1085,2770
4500,245,1211
4501,3212,3213
4502,3214,3214
4503,3215,2731
4504,3216,3217
4505,3216,3218
4506,3219,3220
4507,3219,3221
4508,3217,3218
4509,3222,2749
4510,3222,1641
4511,3223,923
4512,3223,388
4513,3223,390
4514,3224,108
4515,3224,2314
4516,3225,3226
4517,3227,947
4518,3227,3228
4519,3229,3228
4520,3230,778
4521,2540,2539
4522,3231,105
4523,3232,962
4524,3233,3234
4525,3233,3235
4526,3236,3234
4527,3235,1623
4528,3235,3234
4529,2943,2931
4530,3237,3238
4531,3237,3100
4532,1366,797
4533,1366,798
4534,3239,3240
4535,1287,3241
4536,1287,2155
4537,1287,2154
4538,1287,3242
4539,3243,1799
4540,3243,601
4541,2035,3244
4542,2035,3245
4543,2035,3246
4544,3247,3248
4545,3249,3250
4546,174,901
4547,174,871
4548,174,172
4549,3251,1642
4550,3251,3252
4551,3252,223
4552,3252,1583
4553,2391,3253
4554,3254,140
4555,3254,141
4556,3254,552
4557,3255,3256
4558,3257,3187
4559,3258,2845
4560,3258,3259
4561,3260,3261
4562,1611,1606
4563,3262,2557
4564,3262,3118
4565,3263,3264
4566,249,531
4567,249,536
4568,3265,531
4569,3265,536
4570,830,829
4571,3266,3267
4572,3266,928
4573,3266,3268
4574,3266,1977
4575,3266,1900
4576,3269,3270
4577,1824,58
4578,1824,1102
4579,3271,3272
4580,1912,3273
4581,1912,2889
4582,1912,1904
4583,1912,611
4584,1912,3274
4585,1912,1911
4586,1912,2301
4587,2301,905
4588,2301,3275
4589,3276,1468
4590,1468,1324
4591,3277,3044
4592,3277,3045
4593,3277,3043
4594,3277,3046
4595,2947,1101
4596,2947,1480
4597,2947,2299
4598,2947,1102
4599,2410,575
4600,2410,661
4601,2410,2300
4602,2410,1905
4603,2410,708
4604,2410,3278
4605,2410,1193
4606,2410,611
4607,2410,2411
4608,2410,1911
4609,2410,3196
4610,2410,3214
4611,2410,2301
4612,2410,2303
4613,555,3279
4614,2869,351
4615,2869,2346
4616,357,944
4617,806,805
4618,806,3280
4619,347,597
4620,347,412
4621,3281,3281
4622,3282,3283
4623,2005,2004
4624,3284,3275
4625,3285,3286
4626,3287,3288
4627,3029,594
4628,3029,764
4629,1316,1313
4630,3289,776
4631,2870,2871
4632,2843,949
4633,2843,902
4634,2843,2842
4635,2992,2976
4636,2087,944
4637,3290,3291
4638,2341,2536
4639,2341,3275
4640,2303,1911
4641,2946,491
4642,2946,2536
4643,2946,2341
4644,3292,3293
4645,3292,3294
4646,3295,3296
4647,2278,343
4648,2278,596
4649,2278,344
4650,2278,345
4651,2278,597
4652,2278,2278
4653,2278,960
4654,959,341
4655,959,343
4656,959,596
4657,959,344
4658,959,345
4659,959,957
4660,959,1085
4661,959,347
4662,959,2278
4663,959,960
4664,960,596
4665,960,1085
4666,960,2278
4667,960,960
4668,3297,3298
4669,3299,1613
4670,3299,854
4671,3299,1151
4672,1700,2832
4673,1700,917
4674,3300,1613
4675,3300,685
4676,3300,1028
4677,3300,1959
4678,3300,531
4679,3300,1508
4680,3300,535
4681,3300,1045
4682,3300,1046
4683,3300,536
4684,3300,1971
4685,3300,666
4686,3300,578
4687,3300,1091
4688,3300,2281
4689,3301,530
4690,3301,791
4691,3301,1959
4692,3301,535
4693,3301,1958
4694,3301,783
4695,3301,261
4696,3301,2281
4697,682,165
4698,1776,3302
4699,1000,2618
4700,3303,1775
4701,3303,1774
4702,3303,1776
4703,609,608
4704,609,609
4705,3304,3305
4706,3306,3103
4707,3306,3302
4708,3306,1775
4709,3306,1776
4710,3307,3308
4711,479,3309
4712,738,736
4713,738,737
4714,3310,266
4715,2871,3311
